county_fips,county_name,population,employment_5415,density_per_1k
48113,Dallas County,2610000,85000,32.56704980842912
48085,Collin County,1150000,52000,45.21739130434783
06037,Los Angeles County,10000000,210000,21.0
